{"cameraMode":{"drawMode":0,"name":"Shaded","section":"Shading Mode"},"sceneLighting":true,"audioPlay":false,"sceneViewState":{"showFog":true,"showMaterialUpdate":false,"showSkybox":true,"showFlares":true,"showImageEffects":true,"showParticleSystems":true},"in2DMode":false,"pivot":{"x":287.0846252441406,"y":-86.32960510253906,"z":56.85622787475586},"rotation":{"x":0.13228771090507508,"y":0.621502161026001,"z":-0.10752347111701966,"w":0.7646461725234985},"size":355.4507751464844,"orthographic":false}