{"cameraMode":{"drawMode":0,"name":"Shaded","section":"Shading Mode"},"sceneLighting":false,"audioPlay":false,"sceneViewState":{"showFog":true,"showMaterialUpdate":false,"showSkybox":false,"showFlares":true,"showImageEffects":true,"showParticleSystems":true},"in2DMode":false,"pivot":{"x":-0.009745955467224121,"y":0.006980687379837036,"z":-0.004263520240783691},"rotation":{"x":0.010230940766632557,"y":0.6716337203979492,"z":-0.009275015443563462,"w":0.7407588958740234},"size":5.673702239990234,"orthographic":false}