{"cameraMode":{"drawMode":0,"name":"Shaded","section":"Shading Mode"},"sceneLighting":true,"audioPlay":false,"sceneViewState":{"showFog":true,"showMaterialUpdate":false,"showSkybox":true,"showFlares":true,"showImageEffects":true,"showParticleSystems":true},"in2DMode":false,"pivot":{"x":-0.45650187134742739,"y":-0.5858114957809448,"z":1.844500184059143},"rotation":{"x":0.07577220350503922,"y":0.43476319313049319,"z":-0.03674142062664032,"w":0.8966030478477478},"size":46.90061950683594,"orthographic":false}